Epot,a0
-10.462197,3.975000
-10.471815,3.985000
-10.479458,3.995000
-10.485195,4.005000
-10.488897,4.015000
-10.490722,4.025000
-10.490703,4.035000
-10.488815,4.045000
-10.485205,4.055000
-10.479883,4.065000
-10.472864,4.075000
-10.464272,4.085000
-10.454093,4.095000
-10.442385,4.105000
-10.429243,4.115000
